Underliggande tillgång;Ticker;Indexnamn;MS_Asset
AAC Clyde Space;AAC.ST;AAC Clyde Space;AAC_SS_Equity
AAK;AAK.ST;AAK;AAK_SS_Equity
ABB Ltd (SS);ABB.ST;ABB;ABB_SS_Equity
AFRY;AFRY.ST;AFRY;AFRY_SS_Equity
AP Moller - Maersk B;MAERSK-B.CO;AP Moller - Maersk B;MAERSKB_DC_Equity
AQ Group;AQ.ST;AQ Group;AQ_SS_Equity
ARM Holdings;ARM;ARM Holdings;ARM_US_Equity
ASML Holding (US Line);ASML;ASML Holding;ASML_US_Equity
AST SpaceMobile;ASTS;AST SpaceMobile;ASTS_US_Equity
AT&T;T;AT&T;T_US_Equity
ATTENDO;ATT.ST;ATTENDO;ATT_SS_Equity
AUD/USD;AUDUSD=X;AUD/USD;AUD_Curncy
AbCellera Biologics;ABCL;AbCellera Biologics;ABCL_US_Equity
AbbVie;ABBV;AbbVie;ABBV_US_Equity
Absolent Air Care Group;ABSO.ST;Absolent Air Care Group;ABSO_SS_Equity
Acast;ACAST.ST;Acast;ACAST_SS_Equity
AddLife;ALIF-B.ST;AddLife;ALIFB_SS_Equity
Addnode Group;ANOD-B.ST;Addnode Group;ANODB_SS_Equity
Addtech;ADDT-B.ST;Addtech;ADDTB_SS_Equity
Admicom;ADMCM.HE;Admicom;ADMCM_FH_Equity
Adobe;ADBE;Adobe;ADBE_US_Equity
Advanced Micro Devices;AMD;Advanced Micro Devices;AMD_US_Equity
Affirm;AFRM;Affirm;AFRM_US_Equity
Agnico Eagle Mines;AEM;Agnico Eagle Mines;AEM_US_Equity
Air Products and Chemicals;APD;Air Products and Chemicals;APD_US_Equity
Airbnb;ABNB;Airbnb;ABNB_US_Equity
Airbus (Paris Listing);AIR.PA;Airbus (Paris Listing);AIR_FP_Equity
Aker ASA;AKER.OL;Aker ASA;AKER_NO_Equity
Alarm.com;ALRM;Alarm.com;ALRM_US_Equity
Alcoa;AA;Alcoa;AA_US_Equity
Alfa Laval;ALFA.ST;Alfa Laval;ALFA_SS_Equity
Alibaba;BABA;Alibaba;BABA_US_Equity
Alimak Group;ALIG.ST;Alimak Group;ALIG_SS_Equity
Alleima;ALLEI.ST;Alleima;ALLEI_SS_Equity
Alligo;ALLIGO-B.ST;Alligo;ALLIGOB_SS_Equity
Alnylam Pharmaceuticals;ALNY;Alnylam Pharmaceuticals;ALNY_US_Equity
Alphabet C;GOOG;Alphabet C;GOOG_US_Equity
Amazon;AMZN;Amazon;AMZN_US_Equity
Ambea;AMBEA.ST;Ambea;AMBEA_SS_Equity
American Airlines;AAL;American Airlines;AAL_US_Equity
American Express;AXP;American Express;AXP_US_Equity
American Superconductor;AMSC;American Superconductor;AMSC_US_Equity
Amgen;AMGN;Amgen;AMGN_US_Equity
Amphenol;APH;Amphenol;APH_US_Equity
Apollo Global Management;APO;Apollo Global Management;APO_US_Equity
Apotea Sverige;APOTEA.ST;Apotea Sverige;APOTEA_SS_Equity
Apple;AAPL;Apple;AAPL_US_Equity
Applied Materials;AMAT;Applied Materials;AMAT_US_Equity
Archer-Daniels-Midland;ADM;Archer-Daniels-Midland;ADM_US_Equity
Arjo;ARJO-B.ST;Arjo;ARJOB_SS_Equity
Asmodee Group AB;ASMDEE-B.ST;Asmodee Group AB;ASMDEEB_SS_Equity
Assa Abloy B;ASSA-B.ST;Assa Abloy;ASSAB_SS_Equity
AstraZeneca (SS);AZN.ST;AstraZeneca (SS);AZN_SS_Equity
Atlas Copco A;ATCO-A.ST;Atlas Copco A;ATCOA_SS_Equity
Atrium Ljungberg;ATRLJ-B.ST;Atrium Ljungberg;ATRLJB_SS_Equity
Autoliv SDB;ALIV-SDB.ST;Autoliv SDB;ALIVSDB_SS_Equity
Axfood;AXFO.ST;Axfood;AXFO_SS_Equity
Axon Enterprise;AXON;Axon Enterprise;AXON_US_Equity
Axsome Therapeutics;AXSM;Axsome Therapeutics;AXSM_US_Equity
B2Gold;BTG;B2Gold;BTG_US_Equity
BAE Systems;BA.L;BAE Systems;BA_LN_Equity
BCE;BCE;BCE;BCE_US_Equity
BHG Group;BHG.ST;BHG Group;BHG_SS_Equity
BICO Group;BICO.ST;BICO Group;BICO_SS_Equity
Bahnhof B;BAHN-B.ST;Bahnhof B;BAHNB_SS_Equity
Baidu;BIDU;Baidu;BIDU_US_Equity
Balder;BALD-B.ST;Balder;BALDB_SS_Equity
Baldwin Insurance Group;BWIN;Baldwin Insurance Group;BWIN_US_Equity
Bank of America;BAC;Bank of America;BAC_US_Equity
Bavarian Nordic;BAVA.CO;Bavarian Nordic;BAVA_DC_Equity
Bayer;BAYN.DE;Bayer;BAYN_GY_Equity
Beijer Alma;BEIA-B.ST;Beijer Alma;BEIAB_SS_Equity
Beijer Ref;BEIJ-B.ST;Beijer Ref;BEIJB_SS_Equity
Bergman & Beving;BERG-B.ST;Bergman & Beving;BERGB_SS_Equity
Berkshire Hathaway B;BRK-B;Berkshire Hathaway B;BRKB_US_Equity
Betsson B;BETS-B.ST;Betsson;BETSB_SS_Equity
Better Collective;BETCO.ST;Better Collective;BETCO_SS_Equity
Bilia;BILI-A.ST;Bilia;BILIA_SS_Equity
Billerud;BILL.ST;Billerud;BILL_SS_Equity
BioArctic;BIOA-B.ST;BioArctic;BIOAB_SS_Equity
BioGaia;BIOG-B.ST;BioGaia;BIOGB_SS_Equity
BioInvent International;BINV.ST;BioInvent International;BINV_SS_Equity
BioNTech;BNTX;BioNTech;BNTX_US_Equity
Biogen;BIIB;Biogen;BIIB_US_Equity
Bitcoin Dec25;BTC-USD;Bitcoin Dec25;BTCF6_Curncy
BlackBerry;BB;BlackBerry;BB_US_Equity
BlackRock;BLK;BlackRock;BLK_US_Equity
Blackstone;BX;Blackstone;BX_US_Equity
Block;XYZ;Block;XYZ_US_Equity
Boeing;BA;Boeing;BA_US_Equity
Boliden;BOL.ST;Boliden;BOL_SS_Equity
Bonava B;BONAV-B.ST;Bonava B;BONAVB_SS_Equity
BoneSupport Holding;BONEX.ST;BoneSupport Holding;BONEX_SS_Equity
Booking Holdings;BKNG;Booking Holdings;BKNG_US_Equity
Boozt;BOOZT.ST;Boozt;BOOZT_SS_Equity
Boston Beer;SAM;Boston Beer;SAM_US_Equity
Bravida Holding;BRAV.ST;Bravida Holding;BRAV_SS_Equity
Brent Crude Oil Mar26;BZ=F;Brent Crude Oil Mar26;COJ6_Comdty
British American Tobacco;BTI;British American Tobacco;BTI_US_Equity
Broadcom;AVGO;Broadcom;AVGO_US_Equity
Bufab;BUFAB.ST;Bufab;BUFAB_SS_Equity
Burberry Group;BB2.F;Burberry Group;BB2_GY_Equity
Bure Equity;BURE.ST;Bure Equity;BURE_SS_Equity
Byggmax Group;BMAX.ST;Byggmax Group;BMAX_SS_Equity
C3.ai;AI;C3.ai;AI_US_Equity
CAC 40®;^FCHI;CAC 40®;CAC_Index
CD Projekt;OTGLY;CD Projekt;OTGLY_US_Equity
CME Group;CME;CME Group;CME_US_Equity
CTT Systems;CTT.ST;CTT Systems;CTT_SS_Equity
Calix;CALX;Calix;CALX_US_Equity
Camurus;CAMX.ST;Camurus;CAMX_SS_Equity
Canadian National Railway;CNI;Canadian National Railway;CNI_US_Equity
Carvana;CVNA;Carvana;CVNA_US_Equity
Castellum;CAST.ST;Castellum;CAST_SS_Equity
Catena;CATE.ST;Catena;CATE_SS_Equity
Caterpillar;CAT;Caterpillar;CAT_US_Equity
CellaVision;CEVI.ST;CellaVision;CEVI_SS_Equity
Celsius;CELH;Celsius;CELH_US_Equity
Centessa Pharmaceuticals Plc;CNTA;Centessa Pharmaceuticals Plc;CNTA_US_Equity
Century Communities;CCS;Century Communities;CCS_US_Equity
ChemoMetec;CHEMM.CO;ChemoMetec;CHEMM_DC_Equity
Chevron;CVX;Chevron;CVX_US_Equity
Chewy;CHWY;Chewy;CHWY_US_Equity
Chipotle Mexican Grill;CMG;Chipotle Mexican Grill;CMG_US_Equity
Cibus Nordic Real Estate;CIBUS.ST;Cibus Nordic Real Estate;CIBUS_SS_Equity
Cisco;CSCO;Cisco;CSCO_US_Equity
Clas Ohlson;CLAS-B.ST;Clas Ohlson;CLASB_SS_Equity
Clearfield;CLFD;Clearfield;CLFD_US_Equity
Cloetta;CLA-B.ST;Cloetta;CLAB_SS_Equity
CloudFlare;NET;CloudFlare;NET_US_Equity
Cocoa Mar26;CC=F;Cocoa Mar26;CCK6_Comdty
Coffee C Mar26;KC=F;Coffee C Mar26;KCK6_Comdty
Coinbase Global;COIN;Coinbase Global;COIN_US_Equity
Coinshares International;3TW.F;Coinshares International;3TW_GY_Equity
Colgate-Palmolive;CL;Colgate-Palmolive;CL_US_Equity
Coor Service Management Holding;COOR.ST;Coor Service Management Holding;COOR_SS_Equity
Copper Mar26;HG=F;Copper Mar26;HGH6_Comdty
Corem Property Group B;CORE-B.ST;Corem Property Group B;COREB_SS_Equity
Corn Mar26;ZC=F;Corn Mar26;C_K6_Comdty
Corsair Gaming;CRSR;Corsair Gaming;CRSR_US_Equity
Creades;CRED-A.ST;Creades;CREDA_SS_Equity
Crinetics Pharmaceuticals;CRNX;Crinetics Pharmaceuticals;CRNX_US_Equity
Crowdstrike Holdings;CRWD;Crowdstrike Holdings;CRWD_US_Equity
Ctek;CTEK.ST;Ctek;CTEK_SS_Equity
Cummins;CMI;Cummins;CMI_US_Equity
CyberArk Software;CYBR;CyberArk Software;CYBR_US_Equity
DAX®;^GDAXI;DAX®;DAX_Index
Danske Bank;DANSKE.CO;Danske Bank;DANSKE_DC_Equity
Datadog;DDOG;Datadog;DDOG_US_Equity
Deckers Outdoor;DECK;Deckers Outdoor;DECK_US_Equity
Delta Air Lines;DAL;Delta Air Lines;DAL_US_Equity
Diamyd Medical;DMYD-B.ST;Diamyd Medical;DMYDB_SS_Equity
Digital Turbine;APPS;Digital Turbine;APPS_US_Equity
Dios Fastigheter;DIOS.ST;Dios Fastigheter;DIOS_SS_Equity
DocuSign;DOCU;DocuSign;DOCU_US_Equity
Dolby Laboratories;DLB;Dolby Laboratories;DLB_US_Equity
Dometic Group;DOM.ST;Dometic Group;DOM_SS_Equity
Dominos Pizza;DPZ;Dominos Pizza;DPZ_US_Equity
Dow Jones Industrial Average®;^DJI;Dow Jones Industrial Average®;INDU_Index
DraftKings;DKNG;DraftKings;DKNG_US_Equity
Duni;DUNI.ST;Duni;DUNI_SS_Equity
Duolingo;DUOL;Duolingo;DUOL_US_Equity
Dustin Group;DUST.ST;Dustin Group;DUST_SS_Equity
Dynavox Group;DYVOX.ST;Dynavox Group;DYVOX_SS_Equity
EHang Holdings;EH;EHang Holdings;EH_US_Equity
EMCOR Group;EME;EMCOR Group;EME_US_Equity
EQT;EQT.ST;EQT;EQT_SS_Equity
EUR/JPY;EURJPY=X;EUR/JPY;EURJPY_Curncy
EUR/SEK;EURSEK=X;EUR/SEK;EURSEK_Curncy
EUR/USD;EURUSD=X;EUR/USD;EURUSD_Curncy
EURO STOXX 50®;^STOXX50E;EURO STOXX 50®;SX5E_Index
Eastman Kodak;KODK;Eastman Kodak;KODK_US_Equity
Elanco Animal Health;ELAN;Elanco Animal Health;ELAN_US_Equity
Electrolux B;ELUX-B.ST;Electrolux B;ELUXB_SS_Equity
Electrolux Professional;EPRO-B.ST;Electrolux Professional;EPROB_SS_Equity
Electronic Arts;EA;Electronic Arts;EA_US_Equity
Elekta B;EKTA-B.ST;Elekta B;EKTAB_SS_Equity
Eli Lilly;LLY;Eli Lilly;LLY_US_Equity
Embracer Group;EMBRAC-B.ST;Embracer Group;EMBRACB_SS_Equity
Enad Global 7;EG7.ST;Enad Global 7;EG7_SS_Equity
Engcon;ENGCON-B.ST;Engcon;ENGCONB_SS_Equity
Ependion;EPEN.ST;Ependion;EPEN_SS_Equity
Epiroc A;EPI-A.ST;Epiroc A;EPIA_SS_Equity
Equinor;EQNR;Equinor;EQNR_US_Equity
Ericsson B;ERIC-B.ST;Ericsson B;ERICB_SS_Equity
Essity B;ESSITY-B.ST;Essity B;ESSITYB_SS_Equity
Etsy;ETSY;Etsy;ETSY_US_Equity
Evolution Gaming;EVO.ST;Evolution Gaming;EVO_SS_Equity
Exxon Mobil;XOM;Exxon Mobil;XOM_US_Equity
FM Mattsson Mora Group;FMM-B.ST;FM Mattsson Mora Group;FMMB_SS_Equity
FTSE 100®;^FTSE;FTSE 100®;UKX_Index
Fabege;FABG.ST;Fabege;FABG_SS_Equity
Fagerhult;FAG.ST;Fagerhult;FAG_SS_Equity
Fasadgruppen Group AB;FG.ST;Fasadgruppen Group AB;FG_SS_Equity
FastPartner;FPAR-D.ST;FastPartner;FPARD_SS_Equity
Fastly;FSLY;Fastly;FSLY_US_Equity
Fiverr International;FVRR;Fiverr International;FVRR_US_Equity
Floor & Decor;FND;Floor & Decor;FND_US_Equity
Ford;F;Ford;F_US_Equity
Fortinet;FTNT;Fortinet;FTNT_US_Equity
Fortis Inc;FTS;Fortis Inc;FTS_US_Equity
Fortum;FORTUM.HE;Fortum;FORTUM_FH_Equity
Franco-Nevada;FNV;Franco-Nevada;FNV_US_Equity
Freeport-McMoRan;FCX;Freeport-McMoRan;FCX_US_Equity
Freshpet;FRPT;Freshpet;FRPT_US_Equity
FuelCell Energy;FCEL;FuelCell Energy;FCEL_US_Equity
Futu Holdings;FUTU;Futu Holdings;FUTU_US_Equity
GBP/JPY;GBPJPY=X;GBP/JPY;GBPJPY_Curncy
General Dynamics;GD;General Dynamics;GD_US_Equity
General Motors;GM;General Motors;GM_US_Equity
Getinge B;GETI-B.ST;Getinge B;GETIB_SS_Equity
Gilead Sciences;GILD;Gilead Sciences;GILD_US_Equity
Globalstar;GSAT;Globalstar;GSAT_US_Equity
Gold Feb26;GC=F;Gold Feb26;GCJ6_Comdty
Gold Fields;GFI;Gold Fields;GFI_US_Equity
Goldman Sachs;GS;Goldman Sachs;GS_US_Equity
GomSpace Group;GOMX.ST;GomSpace Group;GOMX_SS_Equity
Green Landscaping Group;GREEN.ST;Green Landscaping Group;GREEN_SS_Equity
HA Sustainable Infrastructure;HASI;HA Sustainable Infrastructure;HASI_US_Equity
HMS Networks;HMS.ST;HMS Networks;HMS_SS_Equity
Handelsbanken A;SHB-A.ST;Handelsbanken A;SHBA_SS_Equity
Hansa Medical;HNSA.ST;Hansa Medical;HNSA_SS_Equity
Hanza;HANZA.ST;Hanza;HANZA_SS_Equity
Harbour Energy;HBR.L;Harbour Energy;HBR_LN_Equity
Haypp Group;HAYPP.ST;Haypp Group;HAYPP_SS_Equity
Heba Fastighets;HEBA-B.ST;Heba Fastighets;HEBAB_SS_Equity
Hemnet Group;HEM.ST;Hemnet Group;HEM_SS_Equity
Hennes & Mauritz B;HM-B.ST;Hennes & Mauritz B;HMB_SS_Equity
Hermes International;RMS.PA;Hermes International;RMS_FP_Equity
Hexagon;HEXA-B.ST;Hexagon;HEXAB_SS_Equity
Hexatronic Group;HTRO.ST;Hexatronic Group;HTRO_SS_Equity
Hexpol;HPOL-B.ST;Hexpol;HPOLB_SS_Equity
Hims & Hers Health;HIMS;Hims & Hers Health;HIMS_US_Equity
Hoist Finance;HOFI.ST;Hoist Finance;HOFI_SS_Equity
Holmen B;HOLM-B.ST;Holmen B;HOLMB_SS_Equity
Hon Hai Precision Industry GDR;HHP2.F;Hon Hai Precision Industry GDR;HHP2_GY_Equity
HubSpot;HUBS;HubSpot;HUBS_US_Equity
Hufvudstaden A;HUFV-A.ST;Hufvudstaden A;HUFVA_SS_Equity
Humble Group;HUMBLE.ST;Humble Group;HUMBLE_SS_Equity
Husqvarna;HUSQ-B.ST;Husqvarna;HUSQB_SS_Equity
IBEX 35®;^IBEX;IBEX 35®;IBEX_Index
IBM;IBM;IBM;IBM_US_Equity
IG Group Holdings Plc;I5G.F;IG Group Holdings Plc;I5G_GY_Equity
INVISIO Communications;IVSO.ST;INVISIO Communications;IVSO_SS_Equity
IREN;IREN;IREN;IREN_US_Equity
Idun Industrier;IDUN-B.ST;Idun Industrier;IDUNB_SS_Equity
Implantica;IMP-A-SDB.ST;Implantica;IMPASDB_SS_Equity
Incap;ICP1V.HE;Incap;ICP1V_FH_Equity
Industrivarden;INDU-C.ST;Industrivarden;INDUA_SS_Equity
Indutrade;INDT.ST;Indutrade;INDT_SS_Equity
Insight Enterprises;NSIT;Insight Enterprises;NSIT_US_Equity
Insmed;INSM;Insmed;INSM_US_Equity
Instalco;INSTAL.ST;Instalco;INSTAL_SS_Equity
Intel;INTC;Intel;INTC_US_Equity
International Petroleum;IPCO.ST;International Petroleum;IPCO_SS_Equity
Intrum Justitia;INTRUM.ST;Intrum Justitia;INTRUM_SS_Equity
Intuit;INTU;Intuit;INTU_US_Equity
Intuitive Surgical;ISRG;Intuitive Surgical;ISRG_US_Equity
Investment AB Oresund;ORES.ST;Investment AB Oresund;ORES_SS_Equity
Investor B;INVE-B.ST;Investor B;INVEB_SS_Equity
Inwido;INWI.ST;Inwido;INWI_SS_Equity
IonQ;IONQ;IonQ;IONQ_US_Equity
JD.com;JD;JD.com;JD_US_Equity
JM;JM.ST;JM;JM_SS_Equity
JPMorgan;JPM;JPMorgan;JPM_US_Equity
John Mattson;JOMA.ST;John Mattson;JOMA_SS_Equity
Johnson & Johnson;JNJ;Johnson & Johnson;JNJ_US_Equity
K-Fast Holding;KFAST-B.ST;K-Fast Holding;KFASTB_SS_Equity
KKR;KKR;KKR;KKR_US_Equity
KNOW IT;KNOW.ST;KNOW IT;KNOW_SS_Equity
Kambi;KAMBI.ST;Kambi;KAMBI_SS_Equity
Kering;PPRUY;Kering;PPRUY_US_Equity
Keysight Technologies;KEYS;Keysight Technologies;KEYS_US_Equity
Kimberly-Clark;KMB;Kimberly-Clark;KMB_US_Equity
Kinnevik B;KINV-B.ST;Kinnevik B;KINVB_SS_Equity
Klarna Group Plc;KLAR;Klarna Group Plc;KLAR_US_Equity
Kongsberg Gruppen;KBGGY;Kongsberg Gruppen;KBGGY_US_Equity
Kroger;KR;Kroger;KR_US_Equity
LINK Mobility Group;0A5Q.IL;LINK Mobility Group;0A5Q_NO_Equity
LVMH;MC.PA;LVMH;MC_FP_Equity
Lagercrantz Group;LAGR-B.ST;Lagercrantz Group;LAGRB_SS_Equity
Lam Research;LRCX;Lam Research;LRCX_US_Equity
Latour B;LATO-B.ST;Latour B;LATOB_SS_Equity
Lemonade;LMND;Lemonade;LMND_US_Equity
Leonardo;DRS;Leonardo;DRS_US_Equity
Li Auto ADR;LI;Li Auto ADR;LI_US_Equity
Lifco;LIFCO-B.ST;Lifco;LIFCOB_SS_Equity
Lime Technologies;LIME.ST;Lime Technologies;LIME_SS_Equity
Linc;LINC.ST;Linc;LINC_SS_Equity
Lindab International;LIAB.ST;Lindab International;LIAB_SS_Equity
Lithium Americas (US Line);LAC;Lithium Americas (US Line);LAC_US_Equity
Lockheed Martin;LMT;Lockheed Martin;LMT_US_Equity
Logistea B;LOGI-B.ST;Logistea B;LOGIB_SS_Equity
Loomis;LOOMIS.ST;Loomis;LOOMIS_SS_Equity
Lucid Group;LCID;Lucid Group;LCID_US_Equity
Lululemon Athletica;LULU;Lululemon Athletica;LULU_US_Equity
Lundbergforetagen;LUND-B.ST;Lundbergforetagen;LUNDB_SS_Equity
Lundin Gold (SS);LUG.ST;Lundin Gold (SS);LUG_SS_Equity
Lundin Mining Corp SDB;LUMI.ST;Lundin Mining Corp;LUMI_SS_Equity
Lyft;LYFT;Lyft;LYFT_US_Equity
Lyko Group;LYKO-A.ST;Lyko Group;LYKOA_SS_Equity
MARA Holdings;MARA;MARA Holdings;MARA_US_Equity
MEKO;MEKO.ST;MEKO;MEKO_SS_Equity
MIPS;MIPS.ST;MIPS;MIPS_SS_Equity
MP Materials;MP;MP Materials;MP_US_Equity
MPC Container Ships;MPCC.OL;MPC Container Ships;MPCC_NO_Equity
MarketAxess Holdings;MKTX;MarketAxess Holdings;MKTX_US_Equity
Mastercard;MA;Mastercard;MA_US_Equity
Match Group;MTCH;Match Group;MTCH_US_Equity
McDonald's;MCD;McDonald's;MCD_US_Equity
MedCap;MCAP.ST;MedCap;MCAP_SS_Equity
Medicover;MCOV-B.ST;Medicover;MCOVB_SS_Equity
Medistim;MEDIO.OL;Medistim;MEDIO_NO_Equity
Merck;MRK;Merck;MRK_US_Equity
Meta Platforms;META;Meta Platforms;META_US_Equity
Micro Systemation;MSAB-B.ST;Micro Systemation;MSABB_SS_Equity
Micron Technology;MU;Micron Technology;MU_US_Equity
Microsoft;MSFT;Microsoft;MSFT_US_Equity
Mildef Group;MILDEF.ST;Mildef Group;MILDEF_SS_Equity
Millicom International Cellular;M4M1.F;Millicom International Cellular;M4M1_GY_Equity
Modern Times Group B;MTG-B.ST;Modern Times Group B;MTGB_SS_Equity
Moderna;MRNA;Moderna;MRNA_US_Equity
Momentum Group;MMGR-B.ST;Momentum Group;MMGRB_SS_Equity
Mondelez International;MDLZ;Mondelez International;MDLZ_US_Equity
Monster Beverage;MNST;Monster Beverage;MNST_US_Equity
Mosaic;MOS;Mosaic;MOS_US_Equity
Munters Group;MTRS.ST;Munters Group;MTRS_SS_Equity
Mycronic;MYCR.ST;Mycronic;MYCR_SS_Equity
NASDAQ 100®;^NDX;NASDAQ 100;NDX_Index
NCAB Group;NCAB.ST;NCAB Group;NCAB_SS_Equity
NCC B;NCC-B.ST;NCC B;NCCB_SS_Equity
NEL;NEL.OL;NEL;NEL_NO_Equity
NIBE Industrier;NIBE-B.ST;NIBE Industrier;NIBEB_SS_Equity
NIO;NIO;NIO;NIO_US_Equity
NP3 Fastigheter;NP3.ST;NP3 Fastigheter;NP3_SS_Equity
NVIDIA;NVDA;NVIDIA;NVDA_US_Equity
Natural Gas Feb26;NG=F;Natural Gas Feb26;NGH26_Comdty
Nederman;NMAN.ST;Nederman;NMAN_SS_Equity
Neobo Fastigheter;NEOBO.ST;Neobo Fastigheter;NEOBO_SS_Equity
Net Insight B;NETI-B.ST;Net Insight B;NETIB_SS_Equity
NetEase;NTES;NetEase;NTES_US_Equity
Netflix;NFLX;Netflix;NFLX_US_Equity
New Wave Group;NEWA-B.ST;New Wave Group;NEWAB_SS_Equity
Nike;NKE;Nike;NKE_US_Equity
Nikkei 225®;^N225;Nikkei 225®;NKY_Index
Nintendo;7974.T;Nintendo;7974_JT_Equity
Nivika Fastigheter B;NIVI-B.ST;Nivika Fastigheter B;NIVIB_SS_Equity
Nokia;NOKIA-SEK.ST;Nokia;NOKIASEK_SS_Equity
Nolato B;NOLA-B.ST;Nolato B;NOLAB_SS_Equity
Norconsult Norge;NORCO.OL;Norconsult Norge;NORCO_NO_Equity
Nordea Bank;NDA-SE.ST;Nordea Bank;NDASE_SS_Equity
Nordnet;SAVE.ST;Nordnet;SAVE_SS_Equity
Norion Bank;NORION.ST;Norion Bank;NORION_SS_Equity
Norsk Hydro;NHY.OL;Norsk Hydro;NHY_NO_Equity
Norwegian Air Shuttle;NAS.OL;Norwegian Air Shuttle;NAS_NO_Equity
Norwegian Cruise Line;NCLH;Norwegian Cruise Line;NCLH_US_Equity
Note;NOTE.ST;Note;NOTE_SS_Equity
Novavax;NVAX;Novavax;NVAX_US_Equity
Novo Nordisk B;NOVO-B.CO;Novo Nordisk B;NOVOB_DC_Equity
NovoCure;NVCR;NovoCure;NVCR_US_Equity
Nyfosa;NYF.ST;Nyfosa;NYF_SS_Equity
OEM International;OEM-B.ST;OEM International;OEMB_SS_Equity
OMX S30®;^OMX;OMX S30®;OMX_Index
ON Semiconductor;ON;ON Semiconductor;ON_US_Equity
Oatly Group;OTLY;Oatly Group;OTLY_US_Equity
Okeanis Eco Tankers;OET.OL;Okeanis Eco Tankers;OET_NO_Equity
Okta;OKTA;Okta;OKTA_US_Equity
Option Care Health;OPCH;Option Care Health;OPCH_US_Equity
Oracle;ORCL;Oracle;ORCL_US_Equity
Orexo;ORX.ST;Orexo;ORX_SS_Equity
Orron Energy;ORRON.ST;Orron Energy;ORRON_SS_Equity
Ovintiv;OVV;Ovintiv;OVV_US_Equity
Ovzon;OVZON.ST;Ovzon;OVZON_SS_Equity
PACCAR;PCAR;PACCAR;PCAR_US_Equity
PDD Holdings;PDD;PDD Holdings;PDD_US_Equity
Palantir Technologies;PLTR;Palantir Technologies;PLTR_US_Equity
Palladium Mar26;PA=F;Palladium Mar26;PAH6_Comdty
Palo Alto Networks;PANW;Palo Alto Networks;PANW_US_Equity
Pandox;PNDX-B.ST;Pandox;PNDXB_SS_Equity
Paradox Interactive;PDX.ST;Paradox Interactive;PDX_SS_Equity
Paramount Global;PSKY;Paramount Global;PSKY_US_Equity
PayPal Holdings;PYPL;PayPal Holdings;PYPL_US_Equity
Peab;PEAB-B.ST;Peab;PEABB_SS_Equity
PennyMac Financial Services;PFSI;PennyMac Financial Services;PFSI_US_Equity
PepsiCo;PEP;PepsiCo;PEP_US_Equity
Permian Resources;PR;Permian Resources;PR_US_Equity
Petrobras;PBR;Petrobras;PBR_US_Equity
Pexip Holding;PXPHF;Pexip Holding;PXPHF_US_Equity
Pfizer;PFE;Pfizer;PFE_US_Equity
Pinterest;PINS;Pinterest;PINS_US_Equity
Platinum Apr26;PL=F;Platinum Apr26;PLJ6_Comdty
Platzer Fastigheter Holding;PLAZ-B.ST;Platzer Fastigheter Holding;PLAZB_SS_Equity
Plug Power;PLUG;Plug Power;PLUG_US_Equity
Porsche Vz.;P911.DE;Porsche Vz.;P911_GY_Equity
PowerCell Sweden;PCELL.ST;PowerCell Sweden;PCELL_SS_Equity
Proact IT;PACT.ST;Proact IT;PACT_SS_Equity
Prosus;PROSY;Prosus;PROSY_US_Equity
Puma;PUM.DE;Puma;PUM_GY_Equity
QT Group;QTCOM.HE;QT Group;QTCOM_FH_Equity
Qualcomm;QCOM;Qualcomm;QCOM_US_Equity
Quanta Services;PWR;Quanta Services;PWR_US_Equity
RTX;RTX;RTX;RTX_US_Equity
Ratos B;RATO-B.ST;Ratos B;RATOB_SS_Equity
RaySearch Laboratories;RAY-B.ST;RaySearch Laboratories;RAYB_SS_Equity
RealReal;REAL;RealReal;REAL_US_Equity
Realty Income;O;Realty Income;O_US_Equity
Rejlers;REJL-B.ST;Rejlers;REJLB_SS_Equity
Renault;RNO.PA;Renault;RNO_FP_Equity
Revenio Group;REG1V.HE;Revenio Group;REG1V_FH_Equity
Revvity;RVTY;Revvity;RVTY_US_Equity
Rheinmetall;RHM.DE;Rheinmetall;RHM_GY_Equity
Riot Platforms;RIOT;Riot Platforms;RIOT_US_Equity
Rivian Automotive;RIVN;Rivian Automotive;RIVN_US_Equity
Robinhood Markets;HOOD;Robinhood Markets;HOOD_US_Equity
Roblox;RBLX;Roblox;RBLX_US_Equity
Rocket Lab USA;RKLB;Rocket Lab USA;RKLB_US_Equity
Roku;ROKU;Roku;ROKU_US_Equity
Rolls-Royce;RYCEY;Rolls-Royce;RYCEY_US_Equity
Royal Bank of Canada;RY;Royal Bank of Canada;RY_US_Equity
Rugvista Group;81N.F;Rugvista Group;81N_GY_Equity
Rush Street Interactive;RSI;Rush Street Interactive;RSI_US_Equity
Russell 2000®;^RUT;Russell 2000®;RTY_Index
Rusta;RUSTA.ST;Rusta;RUSTA_SS_Equity
Rvrc Holding;RVRC.ST;Rvrc Holding;RVRC_SS_Equity
S&P 500®;^GSPC;S&P 500®;SPX_Index
SCA B;SCA-B.ST;SCA B;SCAB_SS_Equity
SEB A;SEB-A.ST;SEB A;SEBA_SS_Equity
SKF;SKF-B.ST;SKF;SKFB_SS_Equity
SSAB A;SSAB-A.ST;SSAB A;SSABA_SS_Equity
SSAB B;SSAB-B.ST;SSAB B;SSABB_SS_Equity
Saab B;SAAB-B.ST;Saab B;SAABB_SS_Equity
Sagax;SAGA-B.ST;Sagax B;SAGAB_SS_Equity
Salesforce;CRM;Salesforce;CRM_US_Equity
Samhallsbyggnadsbolaget i Norden B;SBB-B.ST;Samhallsbyggnadsbolaget i Norden B;SBBB_SS_Equity
Sandvik;SAND.ST;Sandvik;SAND_SS_Equity
Sanmina;SANM;Sanmina;SANM_US_Equity
Sartorius Stedim Biotech;SRTOY;Sartorius Stedim Biotech;SRTOY_US_Equity
Scandi Standard;SCST.ST;Scandi Standard;SCST_SS_Equity
Scandic Hotels Group;SHOT.ST;Scandic Hotels Group;SHOT_SS_Equity
Sdiptech;SDIP-B.ST;Sdiptech;SDIPB_SS_Equity
Sea ADR;SE;Sea ADR;SE_US_Equity
Sectra;SECT-B.ST;Sectra;SECTB_SS_Equity
Securitas B;SECU-B.ST;Securitas B;SECUB_SS_Equity
Sedana Medical;SEDANA.ST;Sedana Medical;SEDANA_SS_Equity
ShaMaran Petroleum;SNM.ST;ShaMaran Petroleum;SNM_SS_Equity
Shell;SHEL;Shell;SHEL_US_Equity
Shift4 Payments;FOUR;Shift4 Payments;FOUR_US_Equity
Shopify;SHOP;Shopify;SHOP_US_Equity
Silver Mar26;SI=F;Silver Mar26;SIH6_Comdty
Sinch;SINCH.ST;Sinch;SINCH_SS_Equity
Sivers Semiconductors;SIVE.ST;Sivers Semiconductors;SIVE_SS_Equity
Skanska B;SKA-B.ST;Skanska B;SKAB_SS_Equity
SkiStar;SKIS-B.ST;SkiStar;SKISB_SS_Equity
Smart Eye;SEYE.ST;Smart Eye;SEYE_SS_Equity
Snap;SNAP;Snap;SNAP_US_Equity
Snowflake;SNOW;Snowflake;SNOW_US_Equity
SoFi Technologies;SOFI;SoFi Technologies;SOFI_US_Equity
SoftBank Group ADR;9984.T;SoftBank Group ADR;9984_JT_Equity
Softronic;SOF-B.ST;Softronic;SOFB_SS_Equity
Sonos;SONO;Sonos;SONO_US_Equity
Sony ADR;SONY;Sony ADR;SONY_US_Equity
Southwest Airlines;LUV;Southwest Airlines;LUV_US_Equity
Spotify;SPOT;Spotify;SPOT_US_Equity
Sprout Social;SPT;Sprout Social;SPT_US_Equity
Starbucks;SBUX;Starbucks;SBUX_US_Equity
Stendorren Fastigheter;STEF-B.ST;Stendorren Fastigheter;STEFB_SS_Equity
Stillfront;SF.ST;Stillfront;SF_SS_Equity
StoneCo;STNE;StoneCo;STNE_US_Equity
Stora Enso;STE-R.ST;Stora Enso;STER_SS_Equity
Stora Enso (SS);STE-R.ST;Stora Enso (SS);STER_SS_Equity
Storskogen Group;STOR-B.ST;Storskogen Group;STORB_SS_Equity
Storytel;STORY-B.ST;Storytel;STORYB_SS_Equity
Strategy Inc;MSTR;Strategy Inc;MSTR_US_Equity
Subsea 7;SUBC.OL;Subsea 7;SUBC_NO_Equity
Sugar No. 11 Mar26;SB=F;Sugar No. 11 Mar26;SBK6_Comdty
Super Micro Computer;SMCI;Super Micro Computer;SMCI_US_Equity
Svolder;SVOL-B.ST;Svolder;SVOLB_SS_Equity
Sweco B;SWEC-B.ST;Sweco B;SWECB_SS_Equity
Swedbank A;SWED-A.ST;Swedbank A;SWEDA_SS_Equity
SwedenCare;SECARE.ST;SwedenCare;SECARE_SS_Equity
Swedish Logistic Property B;SLP-B.ST;Swedish Logistic Property B;SLPB_SS_Equity
Swedish Orphan Biovitrum;SOBI.ST;Swedish Orphan Biovitrum;SOBI_SS_Equity
Synopsys;SNPS;Synopsys;SNPS_US_Equity
Synsam;SYNSAM.ST;Synsam;SYNSAM_SS_Equity
Systemair;SYSR.ST;Systemair;SYSR_SS_Equity
TE Connectivity;TEL;TE Connectivity;TEL_US_Equity
TF Bank;TFBANK.ST;TF Bank;TFBANK_SS_Equity
TSMC ADR;TSMC;TSMC ADR;TSMC_US_Equity
TUI;TUI1.DE;TUI;TUI1_GY_Equity
Take-Two;TTWO;Take-Two;TTWO_US_Equity
Takeda Pharmaceutical ADR;TAK;Takeda Pharmaceutical ADR;TAK_US_Equity
Talenom;TNOM.HE;Talenom;TNOM_FH_Equity
Teladoc Health;TDOC;Teladoc Health;TDOC_US_Equity
Tele2 B;TEL2-B.ST;Tele2 B;TEL2B_SS_Equity
Telia Co;TELIA.ST;Telia Co;TELIA_SS_Equity
Tencent;TCEHY;Tencent;TCEHY_US_Equity
Tencent Music Entertainment;TME;Tencent Music Entertainment;TME_US_Equity
Teqnion;TEQ.ST;Teqnion;TEQ_SS_Equity
Tesla;TSLA;Tesla;TSLA_US_Equity
Texas Instruments;TXN;Texas Instruments;TXN_US_Equity
Thales;HO.PA;Thales;HO_FP_Equity
Thule Group;THULE.ST;Thule Group;THULE_SS_Equity
TietoEVRY;TIETOS.ST;TietoEVRY;TIETOS_SS_Equity
Tomra Systems;TOM.OL;Tomra Systems;TOM_NO_Equity
Trade Desk;TTD;Trade Desk;TTD_US_Equity
Trane Technologies;TT;Trane Technologies;TT_US_Equity
Traton;8TRA.ST;Traton;8TRA_SS_Equity
Trelleborg B;TREL-B.ST;Trelleborg B;TRELB_SS_Equity
Trianon;TRIAN-B.ST;Trianon;TRIANB_SS_Equity
Trimble;TRMB;Trimble;TRMB_US_Equity
Trip.com Group;TCOM;Trip.com Group;TCOM_US_Equity
TripAdvisor;TRIP;TripAdvisor;TRIP_US_Equity
Troax Group;TROAX.ST;Troax Group;TROAX_SS_Equity
Truecaller;TRUE-B.ST;Truecaller;TRUEB_SS_Equity
UPS;UPS;UPS;UPS_US_Equity
US 10Y T-Note Mar26;ZN=F;US 10Y T-Note Mar26;TYH6_Comdty
US 2Y T-Note Mar26;2YY=F;US 2Y T-Note Mar26;TUH6_Comdty
US 30Y T-Bond Mar26;^TYX;US 30Y T-Bond Mar26;USH6_Comdty
USD/CAD;USDCAD=X;USD/CAD;USDCAD_Curncy
USD/JPY;USDJPY=X;USD/JPY;USDJPY_Curncy
USD/SEK;USDSEK=X;USD/SEK;USDSEK_Curncy
Uber;UBER;Uber;UBER_US_Equity
Ubisoft Entertainment;UBI.PA;Ubisoft Entertainment;UBI_FP_Equity
Union Pacific;UNP;Union Pacific;UNP_US_Equity
United Airlines;UAL;United Airlines;UAL_US_Equity
UnitedHealth Group;UNH;UnitedHealth Group;UNH_US_Equity
Unity Software;U;Unity Software;U_US_Equity
Up Fintech Holding Ltd;TIGR;Up Fintech Holding Ltd;TIGR_US_Equity
Upstart Holdings;UPST;Upstart Holdings;UPST_US_Equity
Upwork;UPWK;Upwork;UPWK_US_Equity
VBG Group B;VBG-B.ST;VBG Group B;VBGB_SS_Equity
VNV Global;VNV.ST;VNV Global;VNV_SS_Equity
Vale;VALE;Vale;VALE_US_Equity
Var Energi AS;VARRY;Var Energi AS;VARRY_US_Equity
Verizon Communications;VZ;Verizon Communications;VZ_US_Equity
Verve Group (SS Line);VER.ST;Verve Group (SS Line);VER_SS_Equity
Vestas Wind Systems;VWS.CO;Vestas Wind Systems;VWS_DC_Equity
Vestum;VESTUM.ST;Vestum;VESTUM_SS_Equity
Viaplay Group;VPLAY-B.ST;Viaplay Group;VPLAYB_SS_Equity
Vicore Pharma Holding;VICO.ST;Vicore Pharma Holding;VICO_SS_Equity
Viking Supply Ships;VSSAB-B.ST;Viking Supply Ships;VSSABB_SS_Equity
Vimian Group;VIMIAN.ST;Vimian Group;VIMIAN_SS_Equity
Visa;V;Visa;V_US_Equity
Vistra;VST;Vistra;VST_US_Equity
Vitec Software Group;VIT-B.ST;Vitec Software Group;VITB_SS_Equity
Vitrolife;VITR.ST;Vitrolife;VITR_SS_Equity
Volati;VOLO.ST;Volati;VOLO_SS_Equity
Volvo B;VOLV-B.ST;Volvo B;VOLVB_SS_Equity
Volvo Car;VOLCAR-B.ST;Volvo Car;VOLCARB_SS_Equity
WTI Crude Oil Feb26;CL=F;WTI Crude Oil Feb26;CLH6_Comdty
Wallenstam;WALL-B.ST;Wallenstam;WALLB_SS_Equity
Walmart;WMT;Walmart;WMT_US_Equity
Walt Disney;DIS;Walt Disney;DIS_US_Equity
Western Union;WU;Western Union;WU_US_Equity
Wheat Mar26;KE=F;Wheat Mar26;W_K6_Comdty
Wheaton Precious Metals;WPM;Wheaton Precious Metals;WPM_US_Equity
Wihlborgs Fastigheter;WIHL.ST;Wihlborgs Fastigheter;WIHL_SS_Equity
XANO Industri;XANO-B.ST;XANO Industri;XANOB_SS_Equity
XPeng;XPEV;XPeng;XPEV_US_Equity
Xvivo Perfusion;XVIVO.ST;Xvivo Perfusion;XVIVO_SS_Equity
Yubico;YUBICO.ST;Yubico;YUBICO_SS_Equity
ZIM Integrated Shipping Services;ZIM;ZIM Integrated Shipping Services;ZIM_US_Equity
Zalando;ZAL.DE;Zalando;ZAL_GY_Equity
Zaptec;ZAP.OL;Zaptec;ZAP_NO_Equity
Zealand Pharma;ZEAL.CO;Zealand Pharma;ZEAL_DC_Equity
Zions Bancorporation;ZION;Zions Bancorporation;ZION_US_Equity
Zoom Communications;ZM;Zoom Communications;ZM_US_Equity
adidas;ADS.DE;adidas;ADS_GY_Equity
eWork Group;EWRK.ST;eWork Group;EWRK_SS_Equity
